bgc_id	path	added_enum	decision
BGC0000001.json	properties.general_params.properties.compounds.items.properties.mass_ion_type.enum	None	approve
BGC0000001.json	properties.general_params.properties.compounds.items.properties.chem_moieties.items.properties.chem_moiety.enum	Tetronate	retire
BGC0000001.json	properties.general_params.properties.compounds.items.properties.chem_moieties.items.properties.chem_moiety.enum	Tetronate	retire
BGC0000002.json	properties.general_params.properties.loci.properties.conn_comp_cluster.items.enum	Unknown	approve
BGC0000002.json	properties.general_params.properties.loci.properties.complete.enum	Unknown	approve
BGC0000016.json	properties.general_params.properties.other.properties.other_subclass.enum	Unknown	approve
BGC0000017.json	properties.general_params.properties.compounds.items.properties.chem_act.items.enum	Neurotoxic	retire
BGC0000017.json	properties.general_params.properties.compounds.items.properties.chem_act.items.enum	Neurotoxic	retire
BGC0000017.json	properties.general_params.properties.alkaloid.properties.alkaloid_subclass.enum	Unknown	approve
BGC0000017.json	properties.general_params.properties.genes.properties.gene.items.properties.evidence_genefunction.items.enum	Unknown	approve
BGC0000024.json	properties.general_params.properties.polyketide.properties.mod_pks_genes.items.properties.pks_module.items.properties.evidence_at_spec.enum	Unknown	approve
BGC0000024.json	properties.general_params.properties.polyketide.properties.mod_pks_genes.items.properties.pks_module.items.properties.pks_evidence_skip_iter.enum	Unknown	approve
BGC0000024.json	properties.general_params.properties.compounds.items.properties.chem_act.items.enum	insecticide	retire
BGC0000024.json	properties.general_params.properties.compounds.items.properties.chem_moieties.items.properties.chem_moiety.enum	para-nitrobenzoate	retire
BGC0000026.json	properties.general_params.properties.saccharide.properties.gt_genes.items.properties.evidence_gt_spec.enum	Unknown	approve
BGC0000026.json	properties.general_params.properties.saccharide.properties.gt_genes.items.properties.gt_specificity.enum	eurekanate	retire
BGC0000028.json	properties.general_params.properties.compounds.items.properties.chem_act.items.enum	antineoplastic, immunosuppressive	retire
BGC0000055.json	properties.general_params.properties.saccharide.properties.gt_genes.items.properties.gt_specificity.enum	L-mycarose	retire
BGC0000055.json	properties.general_params.properties.genes.properties.operon.items.properties.evidence_operon.enum	Unknown	approve
BGC0000065.json	properties.general_params.properties.polyketide.properties.iter_cycl_type.enum	Unknown	approve
BGC0000070.json	properties.general_params.properties.compounds.items.properties.chem_act.items.enum	antioxidant	retire
BGC0000081.json	properties.general_params.properties.compounds.items.properties.chem_moieties.items.properties.chem_moiety.enum	beta-azatyrosine	retire
BGC0000090.json	properties.general_params.properties.compounds.items.properties.chem_act.items.enum	Anticancer agent	retire
BGC0000090.json	properties.general_params.properties.compounds.items.properties.chem_act.items.enum	Anticancer agent	retire
BGC0000104.json	properties.general_params.properties.terpene.properties.terpene_precursor.enum	Unknown	approve
BGC0000110.json	properties.general_params.properties.compounds.items.properties.chem_act.items.enum	immunosuppressive	retire
BGC0000110.json	properties.general_params.properties.compounds.items.properties.chem_act.items.enum	immunosuppressive	retire
BGC0000112.json	properties.general_params.properties.compounds.items.properties.chem_moieties.items.properties.chem_moiety.enum	naphthonate	retire
BGC0000114.json	properties.general_params.properties.compounds.items.properties.chem_act.items.enum	 veterinary medicine, animal husbandry,antimalaria	retire
BGC0000115.json	properties.general_params.properties.saccharide.properties.gt_genes.items.properties.gt_specificity.enum	mycoamine	retire
BGC0000119.json	properties.general_params.properties.compounds.items.properties.chem_moieties.items.properties.chem_moiety.enum	aminocyclipentitol	retire
BGC0000119.json	properties.general_params.properties.compounds.items.properties.chem_moieties.items.properties.chem_moiety.enum	aminocyclopentitol	retire
BGC0000144.json	properties.general_params.properties.compounds.items.properties.chem_moieties.items.properties.chem_moiety.enum	Unknown	approve
BGC0000144.json	properties.general_params.properties.compounds.items.properties.chem_act.items.enum	anticoccidial	retire
BGC0000150.json	properties.general_params.properties.compounds.items.properties.chem_moieties.items.properties.chem_moiety.enum	cyclohexenone	retire
BGC0000151.json	properties.general_params.properties.compounds.items.properties.chem_act.items.enum	antiproliferative	retire
BGC0000151.json	properties.general_params.properties.compounds.items.properties.chem_act.items.enum	antiproliferative	retire
BGC0000151.json	properties.general_params.properties.compounds.items.properties.chem_act.items.enum	antiproliferative	retire
BGC0000151.json	properties.general_params.properties.compounds.items.properties.chem_act.items.enum	antiproliferative	retire
BGC0000151.json	properties.general_params.properties.polyketide.properties.starter_unit.enum	methylmalonate-CoA	retire
BGC0000151.json	properties.general_params.properties.saccharide.properties.gt_genes.items.properties.gt_specificity.enum	mycaminose	retire
BGC0000153.json	properties.general_params.properties.nrp.properties.subclass.enum	Unknown	approve
BGC0000154.json	properties.general_params.properties.compounds.items.properties.chem_act.items.enum	Antiplasmodial	retire
BGC0000154.json	properties.general_params.properties.compounds.items.properties.chem_moieties.items.properties.chem_moiety.enum	tropolone	retire
BGC0000158.json	properties.general_params.properties.compounds.items.properties.chem_moieties.items.properties.chem_moiety.enum	dialkylmaleic anhydride	retire
BGC0000159.json	properties.general_params.properties.compounds.items.properties.chem_moieties.items.properties.chem_moiety.enum	dialkylmaleic anhydride 	retire
BGC0000161.json	properties.general_params.properties.compounds.items.properties.chem_act.items.enum	phytotoxicity	retire
BGC0000168.json	properties.general_params.properties.compounds.items.properties.chem_moieties.items.properties.chem_moiety.enum	Geranyl-derived spirobicylic ring	retire
BGC0000179.json	properties.general_params.properties.compounds.items.properties.chem_act.items.enum	antiviral	retire
BGC0000180.json	properties.general_params.properties.compounds.items.properties.chem_act.items.enum	fluorescence	retire
BGC0000182.json	properties.general_params.properties.compounds.items.properties.chem_moieties.items.properties.chem_moiety.enum	C8 hydroxyl removal after pyran ring formation	retire
BGC0000182.json	properties.general_params.properties.compounds.items.properties.chem_moieties.items.properties.chem_moiety.enum	beta-methylation	retire
BGC0000182.json	properties.general_params.properties.compounds.items.properties.chem_moieties.items.properties.chem_moiety.enum	epoxide ring	retire
BGC0000182.json	properties.general_params.properties.compounds.items.properties.chem_moieties.items.properties.chem_moiety.enum	ester bond	retire
BGC0000182.json	properties.general_params.properties.compounds.items.properties.chem_moieties.items.properties.chem_moiety.enum	pyran ring	retire
BGC0000186.json	properties.general_params.properties.nrp.properties.nrps_genes.items.properties.nrps_module.items.properties.a_substr_spec.properties.nonprot_adom_spec.enum	D-alanine	retire
BGC0000187.json	properties.general_params.properties.compounds.items.properties.chem_moieties.items.properties.chem_moiety.enum	2-amino-3-hydroxycyclopent-2-enone	retire
BGC0000187.json	properties.general_params.properties.compounds.items.properties.chem_moieties.items.properties.chem_moiety.enum	2-amino-4-hydroxy-5,6-epoxycyclohex-2-enone	retire
BGC0000187.json	properties.general_params.properties.compounds.items.properties.chem_moieties.items.properties.chem_moiety.enum	3-amino-4-hydroxybenzoic acid	retire
BGC0000187.json	properties.general_params.properties.compounds.items.properties.chem_act.items.enum	Pigment	retire
BGC0000187.json	properties.general_params.properties.compounds.items.properties.chem_moieties.items.properties.chem_moiety.enum	cyclohexylcarbonyl group	retire
BGC0000188.json	properties.general_params.properties.compounds.items.properties.chem_act.items.enum	Neurotoxic	retire
BGC0000188.json	properties.general_params.properties.compounds.items.properties.chem_act.items.enum	Neurotoxic	retire
BGC0000188.json	properties.general_params.properties.compounds.items.properties.chem_act.items.enum	Neurotoxic	retire
BGC0000188.json	properties.general_params.properties.compounds.items.properties.chem_act.items.enum	Neurotoxic	retire
BGC0000188.json	properties.general_params.properties.compounds.items.properties.chem_act.items.enum	Neurotoxic	retire
BGC0000194.json	properties.general_params.properties.genes.properties.gene.items.properties.tailoring.enum	Dehydrogenation	retire
BGC0000194.json	properties.general_params.properties.genes.properties.gene.items.properties.tailoring.enum	Dehydrogenation	retire
BGC0000195.json	properties.general_params.properties.compounds.items.properties.chem_moieties.items.properties.chem_moiety.enum	dioxane	retire
BGC0000198.json	properties.general_params.properties.saccharide.properties.gt_genes.items.properties.gt_specificity.enum	L-forosamine	retire
BGC0000201.json	properties.general_params.properties.compounds.items.properties.chem_moieties.items.properties.chem_moiety.enum	forosamine	retire
BGC0000204.json	properties.general_params.properties.compounds.items.properties.chem_act.items.enum	Induciton of apoptosis	retire
BGC0000204.json	properties.general_params.properties.compounds.items.properties.chem_act.items.enum	Induction of apoptosis	retire
BGC0000206.json	properties.general_params.properties.compounds.items.properties.chem_act.items.enum	Antitumor	retire
BGC0000210.json	properties.general_params.properties.saccharide.properties.gt_genes.items.properties.gt_specificity.enum	D-olivose 	retire
BGC0000210.json	properties.general_params.properties.saccharide.properties.gt_genes.items.properties.gt_specificity.enum	D-olivose 	retire
BGC0000213.json	properties.general_params.properties.compounds.items.properties.chem_moieties.items.properties.chem_moiety.enum	3-amino-4-hydroxybenzoic acid	retire
BGC0000224.json	properties.general_params.properties.compounds.items.properties.chem_act.items.enum	antitumor	retire
BGC0000230.json	properties.general_params.properties.compounds.items.properties.evidence_struct.items.enum	Unknown	approve
BGC0000230.json	properties.general_params.properties.compounds.items.properties.chem_act.items.enum	anti-viral	retire
BGC0000230.json	properties.general_params.properties.compounds.items.properties.chem_moieties.items.properties.chem_moiety.enum	epoxyspiroketal	retire
BGC0000240.json	properties.general_params.properties.genes.properties.gene.items.properties.evidence_genefunction.items.enum	Resistance/immunity	retire
BGC0000240.json	properties.general_params.properties.compounds.items.properties.chem_moieties.items.properties.chem_moiety.enum	diazo group	retire
BGC0000240.json	properties.general_params.properties.compounds.items.properties.chem_moieties.items.properties.chem_moiety.enum	diazo group	retire
BGC0000240.json	properties.general_params.properties.compounds.items.properties.chem_moieties.items.properties.chem_moiety.enum	diazo group	retire
BGC0000240.json	properties.general_params.properties.compounds.items.properties.chem_moieties.items.properties.chem_moiety.enum	diazo group	retire
BGC0000241.json	properties.general_params.properties.compounds.items.properties.chem_act.items.enum	DNA-interfering	retire
BGC0000241.json	properties.general_params.properties.compounds.items.properties.chem_act.items.enum	DNA-interfering	retire
BGC0000241.json	properties.general_params.properties.compounds.items.properties.chem_act.items.enum	DNA-interfering	retire
BGC0000247.json	properties.general_params.properties.saccharide.properties.gt_genes.items.properties.gt_specificity.enum	D-olivose 	retire
BGC0000247.json	properties.general_params.properties.saccharide.properties.gt_genes.items.properties.gt_specificity.enum	D-olivose 	retire
BGC0000247.json	properties.general_params.properties.saccharide.properties.gt_genes.items.properties.gt_specificity.enum	D-olivose and D-mycarose	retire
BGC0000250.json	properties.general_params.properties.saccharide.properties.gt_genes.items.properties.gt_specificity.enum	L-rhodosamine 	retire
BGC0000264.json	properties.general_params.properties.compounds.items.properties.chem_act.items.enum	A modulator of apoptosis	retire
BGC0000267.json	properties.general_params.properties.saccharide.properties.gt_genes.items.properties.gt_specificity.enum	L-Rhodinose	retire
BGC0000269.json	properties.general_params.properties.saccharide.properties.gt_genes.items.properties.gt_specificity.enum	D-olivose 	retire
BGC0000269.json	properties.general_params.properties.compounds.items.properties.chem_moieties.items.properties.chem_moiety.enum	angelic acid	retire
BGC0000269.json	properties.general_params.properties.compounds.items.properties.chem_moieties.items.properties.chem_moiety.enum	salicylic acid	retire
BGC0000276.json	properties.general_params.properties.saccharide.properties.gt_genes.items.properties.gt_specificity.enum	D-olivose 	retire
BGC0000276.json	properties.general_params.properties.saccharide.properties.gt_genes.items.properties.gt_specificity.enum	D-olivose 	retire
BGC0000276.json	properties.general_params.properties.compounds.items.properties.chem_act.items.enum	Inhibition of protein SUMOylation	retire
BGC0000283.json	properties.general_params.properties.compounds.items.properties.chem_moieties.items.properties.chem_moiety.enum	aminocyclitol	retire
BGC0000285.json	properties.general_params.properties.compounds.items.properties.chem_act.items.enum	Potential UV protection	retire
BGC0000289.json	properties.general_params.properties.compounds.items.properties.chem_moieties.items.properties.chem_moiety.enum	3,5 dihydroxyphenylglycine	retire
BGC0000289.json	properties.general_params.properties.nrp.properties.nrps_genes.items.properties.nrps_module.items.properties.a_substr_spec.properties.nonprot_adom_spec.enum	3,5-Dihydroxyphenylglycine	retire
BGC0000289.json	properties.general_params.properties.nrp.properties.nrps_genes.items.properties.nrps_module.items.properties.a_substr_spec.properties.nonprot_adom_spec.enum	3,5-Dihydroxyphenylglycine	retire
BGC0000289.json	properties.general_params.properties.nrp.properties.nrps_genes.items.properties.nrps_module.items.properties.a_substr_spec.properties.nonprot_adom_spec.enum	Hydroxyphenylglycine	retire
BGC0000289.json	properties.general_params.properties.nrp.properties.nrps_genes.items.properties.nrps_module.items.properties.a_substr_spec.properties.nonprot_adom_spec.enum	Hydroxyphenylglycine	retire
BGC0000289.json	properties.general_params.properties.nrp.properties.nrps_genes.items.properties.nrps_module.items.properties.a_substr_spec.properties.nonprot_adom_spec.enum	Hydroxyphenylglycine	retire
BGC0000289.json	properties.general_params.properties.nrp.properties.nrps_genes.items.properties.nrps_module.items.properties.nrps_mod_doms.enum	Unknown	approve
BGC0000297.json	properties.general_params.properties.compounds.items.properties.chem_moieties.items.properties.chem_moiety.enum	1-amino-2-(N-amidino-delta3-pyrrolinyl)-ethyl	retire
BGC0000297.json	properties.general_params.properties.compounds.items.properties.chem_moieties.items.properties.chem_moiety.enum	2-carboxy-6-hydroxy-octahydroindole	retire
BGC0000297.json	properties.general_params.properties.nrp.properties.nrps_genes.items.properties.nrps_module.items.properties.a_substr_spec.properties.nonprot_adom_spec.enum	2-carboxy-6-hydroxy-octahydroindole	retire
BGC0000298.json	properties.general_params.properties.compounds.items.properties.chem_moieties.items.properties.chem_moiety.enum	2-carboxy-6-hydroxyoctahydroindole	retire
BGC0000298.json	properties.general_params.properties.compounds.items.properties.chem_moieties.items.properties.chem_moiety.enum	2-carboxy-6-hydroxyoctahydroindole	retire
BGC0000298.json	properties.general_params.properties.compounds.items.properties.chem_moieties.items.properties.chem_moiety.enum	2-carboxy-6-hydroxyoctahydroindole	retire
BGC0000298.json	properties.general_params.properties.nrp.properties.nrps_genes.items.properties.nrps_module.items.properties.a_substr_spec.properties.nonprot_adom_spec.enum	2-carboxy-6-hydroxyoctahydroindole	retire
BGC0000298.json	properties.general_params.properties.nrp.properties.nrps_genes.items.properties.nrps_module.items.properties.nrps_mod_doms.enum	Keto reductase	retire
BGC0000302.json	properties.general_params.properties.nrp.properties.nrps_genes.items.properties.nrps_module.items.properties.a_substr_spec.properties.nonprot_adom_spec.enum	Arginine / Lysine	retire
BGC0000302.json	properties.general_params.properties.nrp.properties.nrps_genes.items.properties.nrps_module.items.properties.a_substr_spec.properties.nonprot_adom_spec.enum	Lysine	retire
BGC0000302.json	properties.general_params.properties.nrp.properties.nrps_genes.items.properties.nrps_module.items.properties.a_substr_spec.properties.nonprot_adom_spec.enum	Lysine	retire
BGC0000302.json	properties.general_params.properties.nrp.properties.nrps_genes.items.properties.nrps_module.items.properties.a_substr_spec.properties.evidence_a_spec.enum	None	approve
BGC0000302.json	properties.general_params.properties.nrp.properties.nrps_genes.items.properties.nrps_module.items.properties.a_substr_spec.properties.nonprot_adom_spec.enum	Phenylalanine	retire
BGC0000302.json	properties.general_params.properties.nrp.properties.nrps_genes.items.properties.nrps_module.items.properties.a_substr_spec.properties.nonprot_adom_spec.enum	Tyrosine	retire
BGC0000302.json	properties.general_params.properties.nrp.properties.nrps_genes.items.properties.nrps_module.items.properties.a_substr_spec.properties.nonprot_adom_spec.enum	Valine	retire
BGC0000302.json	properties.general_params.properties.compounds.items.properties.chem_moieties.items.properties.chem_moiety.enum	ureido linkage	retire
BGC0000314.json	properties.general_params.properties.nrp.properties.nrps_genes.items.properties.nrps_module.items.properties.a_substr_spec.properties.nonprot_adom_spec.enum	Coumaric acid	retire
BGC0000314.json	properties.general_params.properties.nrp.properties.nrps_genes.items.properties.nrps_module.items.properties.a_substr_spec.properties.evidence_a_spec.enum	Unknown	approve
BGC0000315.json	properties.general_params.properties.nrp.properties.nrps_genes.items.properties.nrps_module.items.properties.a_substr_spec.properties.nonprot_adom_spec.enum	Asparigine or (2S, 3S)-3-hydroxyasparagine	retire
BGC0000315.json	properties.general_params.properties.nrp.properties.nrps_genes.items.properties.nrps_module.items.properties.a_substr_spec.properties.nonprot_adom_spec.enum	Glutamate or (2S, 3R)-3-methylglutamate	retire
BGC0000319.json	properties.general_params.properties.compounds.items.properties.chem_moieties.items.properties.chem_moiety.enum	beta-lactam ring	retire
BGC0000320.json	properties.general_params.properties.compounds.items.properties.chem_moieties.items.properties.chem_moiety.enum	alpha keto acids	retire
BGC0000320.json	properties.general_params.properties.nrp.properties.nrps_genes.items.properties.nrps_module.items.properties.a_substr_spec.properties.nonprot_adom_spec.enum	alpha-ketoisocaproic acid	retire
BGC0000320.json	properties.general_params.properties.nrp.properties.nrps_genes.items.properties.nrps_module.items.properties.a_substr_spec.properties.nonprot_adom_spec.enum	alpha-ketoisovaleric acid	retire
BGC0000333.json	properties.general_params.properties.nrp.properties.nrps_genes.items.properties.nrps_module.items.properties.a_substr_spec.properties.nonprot_adom_spec.enum	2-Amino-3,5-dimethyl-4-hexenoic Acid	retire
BGC0000333.json	properties.general_params.properties.compounds.items.properties.chem_moieties.items.properties.chem_moiety.enum	2-amino-3,5- dimethyl-4-hexenoic acid  (ADH)	retire
BGC0000337.json	properties.general_params.properties.compounds.items.properties.chem_act.items.enum	insecticidal	retire
BGC0000338.json	properties.general_params.properties.nrp.properties.nrps_genes.items.properties.nrps_module.items.properties.a_substr_spec.properties.nonprot_adom_spec.enum	4-Methylproline	retire
BGC0000338.json	properties.general_params.properties.compounds.items.properties.chem_moieties.items.properties.chem_moiety.enum	4R-methyl-L-proline	retire
BGC0000338.json	properties.general_params.properties.compounds.items.properties.chem_moieties.items.properties.chem_moiety.enum	L-homotyrosine	retire
BGC0000345.json	properties.general_params.properties.compounds.items.properties.chem_moieties.items.properties.chem_moiety.enum	epoxyketone	retire
BGC0000346.json	properties.general_params.properties.compounds.items.properties.chem_moieties.items.properties.chem_moiety.enum	epoxyketone	retire
BGC0000350.json	properties.general_params.properties.nrp.properties.nrps_genes.items.properties.nrps_module.items.properties.a_substr_spec.properties.nonprot_adom_spec.enum	3-hydroxy-4-O-methyl-5-methyl-tyrosine	retire
BGC0000350.json	properties.general_params.properties.nrp.properties.nrps_genes.items.properties.nrps_module.items.properties.a_substr_spec.properties.nonprot_adom_spec.enum	3-hydroxy-4-O-methyl-5-methyl-tyrosine	retire
BGC0000350.json	properties.general_params.properties.nrp.properties.nrps_genes.items.properties.nrps_module.items.properties.a_substr_spec.properties.nonprot_adom_spec.enum	Glycolic acid	retire
BGC0000355.json	properties.general_params.properties.nrp.properties.nrps_genes.items.properties.nrps_module.items.properties.a_substr_spec.properties.nonprot_adom_spec.enum	Anthranilate	retire
BGC0000357.json	properties.general_params.properties.nrp.properties.nrps_genes.items.properties.nrps_module.items.properties.a_substr_spec.properties.nonprot_adom_spec.enum	(Phenylalanine, Tryptophane),(Valine, Isoleucine)	retire
BGC0000357.json	properties.general_params.properties.nrp.properties.nrps_genes.items.properties.nrps_module.items.properties.a_substr_spec.properties.nonprot_adom_spec.enum	Phenylalanine, Tyrosine	retire
BGC0000357.json	properties.general_params.properties.nrp.properties.nrps_genes.items.properties.nrps_module.items.properties.a_substr_spec.properties.nonprot_adom_spec.enum	Valine, isoleucine	retire
BGC0000361.json	properties.general_params.properties.compounds.items.properties.chem_act.items.enum	Formation attenuates gliotoxin biosynthesis	retire
BGC0000369.json	properties.general_params.properties.nrp.properties.nrps_genes.items.properties.nrps_module.items.properties.a_substr_spec.properties.nonprot_adom_spec.enum	Dihydroxy hexadecanoic acid	retire
BGC0000369.json	properties.general_params.properties.nrp.properties.nrps_genes.items.properties.nrps_module.items.properties.a_substr_spec.properties.nonprot_adom_spec.enum	Glutamine / Tyrosine	retire
BGC0000369.json	properties.general_params.properties.nrp.properties.nrps_genes.items.properties.nrps_module.items.properties.a_substr_spec.properties.nonprot_adom_spec.enum	Glutamine	retire
BGC0000369.json	properties.general_params.properties.nrp.properties.nrps_genes.items.properties.nrps_module.items.properties.a_substr_spec.properties.nonprot_adom_spec.enum	Glycine	retire
BGC0000369.json	properties.general_params.properties.nrp.properties.nrps_genes.items.properties.nrps_module.items.properties.a_substr_spec.properties.nonprot_adom_spec.enum	N-methyl-threonine	retire
BGC0000369.json	properties.general_params.properties.nrp.properties.nrps_genes.items.properties.nrps_module.items.properties.a_substr_spec.properties.nonprot_adom_spec.enum	Threonine	retire
BGC0000369.json	properties.general_params.properties.nrp.properties.nrps_genes.items.properties.nrps_module.items.properties.a_substr_spec.properties.nonprot_adom_spec.enum	Threonine	retire
BGC0000369.json	properties.general_params.properties.nrp.properties.nrps_genes.items.properties.nrps_module.items.properties.a_substr_spec.properties.nonprot_adom_spec.enum	Threonine	retire
BGC0000369.json	properties.general_params.properties.nrp.properties.nrps_genes.items.properties.nrps_module.items.properties.a_substr_spec.properties.nonprot_adom_spec.enum	Threonine	retire
BGC0000369.json	properties.general_params.properties.nrp.properties.nrps_genes.items.properties.nrps_module.items.properties.a_substr_spec.properties.nonprot_adom_spec.enum	Tyrosine	retire
BGC0000369.json	properties.general_params.properties.compounds.items.properties.chem_moieties.items.properties.chem_moiety.enum	acetylated hexosamine	retire
BGC0000370.json	properties.general_params.properties.compounds.items.properties.chem_moieties.items.properties.chem_moiety.enum	2-amino-9,10-epoxi-8-oxodecanoic acid	retire
BGC0000370.json	properties.general_params.properties.nrp.properties.nrps_genes.items.properties.nrps_module.items.properties.a_substr_spec.properties.nonprot_adom_spec.enum	Alanine	retire
BGC0000370.json	properties.general_params.properties.nrp.properties.nrps_genes.items.properties.nrps_module.items.properties.a_substr_spec.properties.nonprot_adom_spec.enum	D-alanine	retire
BGC0000370.json	properties.general_params.properties.nrp.properties.nrps_genes.items.properties.nrps_module.items.properties.a_substr_spec.properties.nonprot_adom_spec.enum	Proline	retire
BGC0000372.json	properties.general_params.properties.compounds.items.properties.chem_act.items.enum	iron chelator, coordinates Fe3+	retire
BGC0000374.json	properties.general_params.properties.nrp.properties.nrps_genes.items.properties.nrps_module.items.properties.a_substr_spec.properties.nonprot_adom_spec.enum	(3-Ncp)Ala	retire
BGC0000374.json	properties.general_params.properties.nrp.properties.nrps_genes.items.properties.nrps_module.items.properties.a_substr_spec.properties.nonprot_adom_spec.enum	(3-Ncp)Ala	retire
BGC0000374.json	properties.general_params.properties.nrp.properties.nrps_genes.items.properties.nrps_module.items.properties.a_substr_spec.properties.nonprot_adom_spec.enum	(4-Pe)Pro	retire
BGC0000374.json	properties.general_params.properties.nrp.properties.nrps_genes.items.properties.nrps_module.items.properties.a_substr_spec.properties.nonprot_adom_spec.enum	(beta-Me)Phe	retire
BGC0000374.json	properties.general_params.properties.nrp.properties.nrps_genes.items.properties.nrps_module.items.properties.a_substr_spec.properties.nonprot_adom_spec.enum	(beta-Me)Phe	retire
BGC0000374.json	properties.general_params.properties.compounds.items.properties.chem_moieties.items.properties.chem_moiety.enum	3-(trans-2`-nitrocyclopropyl) alanine	retire
BGC0000374.json	properties.general_params.properties.compounds.items.properties.chem_moieties.items.properties.chem_moiety.enum	3-(trans-2`-nitrocyclopropyl) alanine	retire
BGC0000374.json	properties.general_params.properties.compounds.items.properties.chem_moieties.items.properties.chem_moiety.enum	3-(trans-2`-nitrocyclopropyl) alanine	retire
BGC0000374.json	properties.general_params.properties.compounds.items.properties.chem_moieties.items.properties.chem_moiety.enum	3-(trans-2`-nitrocyclopropyl) alanine	retire
BGC0000374.json	properties.general_params.properties.compounds.items.properties.chem_moieties.items.properties.chem_moiety.enum	3-(trans-2`-nitrocyclopropyl) alanine	retire
BGC0000374.json	properties.general_params.properties.compounds.items.properties.chem_moieties.items.properties.chem_moiety.enum	3-(trans-2`-nitrocyclopropyl) alanine	retire
BGC0000374.json	properties.general_params.properties.compounds.items.properties.chem_moieties.items.properties.chem_moiety.enum	4-(Z)-propenylproline	retire
BGC0000374.json	properties.general_params.properties.compounds.items.properties.chem_moieties.items.properties.chem_moiety.enum	4-(Z)-propenylproline	retire
BGC0000374.json	properties.general_params.properties.compounds.items.properties.chem_moieties.items.properties.chem_moiety.enum	4-(Z)-propenylproline	retire
BGC0000374.json	properties.general_params.properties.compounds.items.properties.chem_moieties.items.properties.chem_moiety.enum	4-(Z)-propenylproline	retire
BGC0000374.json	properties.general_params.properties.compounds.items.properties.chem_moieties.items.properties.chem_moiety.enum	4-(Z)-propenylproline	retire
BGC0000374.json	properties.general_params.properties.compounds.items.properties.chem_moieties.items.properties.chem_moiety.enum	4-(Z)-propenylproline	retire
BGC0000374.json	properties.general_params.properties.compounds.items.properties.chem_moieties.items.properties.chem_moiety.enum	4-(Z)-propenylproline	retire
BGC0000374.json	properties.general_params.properties.compounds.items.properties.chem_moieties.items.properties.chem_moiety.enum	5-chloro-1-hydroxypyrrole-2-carboxylic acid	retire
BGC0000374.json	properties.general_params.properties.compounds.items.properties.chem_moieties.items.properties.chem_moiety.enum	5-chloro-1-hydroxypyrrole-2-carboxylic acid	retire
BGC0000374.json	properties.general_params.properties.compounds.items.properties.chem_moieties.items.properties.chem_moiety.enum	5-chloro-1-hydroxypyrrole-2-carboxylic acid	retire
BGC0000374.json	properties.general_params.properties.compounds.items.properties.chem_moieties.items.properties.chem_moiety.enum	5-chloro-1-hydroxypyrrole-2-carboxylic acid	retire
BGC0000374.json	properties.general_params.properties.compounds.items.properties.chem_moieties.items.properties.chem_moiety.enum	5-chloro-1-hydroxypyrrole-2-carboxylic acid	retire
BGC0000374.json	properties.general_params.properties.compounds.items.properties.chem_moieties.items.properties.chem_moiety.enum	5-chloro-1-hydroxypyrrole-2-carboxylic acid	retire
BGC0000374.json	properties.general_params.properties.compounds.items.properties.chem_act.items.enum	active in vitro against lamaria parasite Plasmodium falciparum	retire
BGC0000384.json	properties.general_params.properties.compounds.items.properties.chem_act.items.enum	Tumor promoter, irritant, vesicant 	retire
BGC0000386.json	properties.general_params.properties.nrp.properties.nrps_genes.items.properties.nrps_module.items.properties.a_substr_spec.properties.nonprot_adom_spec.enum	N5-hydroxy-N5-formylornitine	retire
BGC0000386.json	properties.general_params.properties.nrp.properties.nrps_genes.items.properties.nrps_module.items.properties.nrps_mod_doms.enum	beta-hydroxylation	retire
BGC0000393.json	properties.general_params.properties.nrp.properties.nrps_genes.items.properties.nrps_module.items.properties.a_substr_spec.properties.nonprot_adom_spec.enum	bLys	retire
BGC0000393.json	properties.general_params.properties.nrp.properties.nrps_genes.items.properties.nrps_module.items.properties.a_substr_spec.properties.nonprot_adom_spec.enum	bOH-Val	retire
BGC0000398.json	properties.general_params.properties.compounds.items.properties.chem_moieties.items.properties.chem_moiety.enum	3-OH- tetradecanoic acid	retire
BGC0000398.json	properties.general_params.properties.compounds.items.properties.mass_ion_type.enum	Molecular ion	retire
BGC0000399.json	properties.general_params.properties.compounds.items.properties.chem_moieties.items.properties.chem_moiety.enum	3-OH dodecanoic acid	retire
BGC0000399.json	properties.general_params.properties.compounds.items.properties.chem_moieties.items.properties.chem_moiety.enum	3-OH- tetradecanoic acid	retire
BGC0000399.json	properties.general_params.properties.compounds.items.properties.chem_moieties.items.properties.chem_moiety.enum	3-OH- tetradecanoic acid	retire
BGC0000399.json	properties.general_params.properties.compounds.items.properties.mass_ion_type.enum	M+H+	retire
BGC0000399.json	properties.general_params.properties.compounds.items.properties.mass_ion_type.enum	Molecular ion	retire
BGC0000399.json	properties.general_params.properties.compounds.items.properties.mass_ion_type.enum	Molecular ion	retire
BGC0000399.json	properties.general_params.properties.compounds.items.properties.chem_act.items.enum	anti-algal: lyses zoospores of Phytophthora sp.	retire
BGC0000405.json	properties.general_params.properties.compounds.items.properties.chem_act.items.enum	none	retire
BGC0000406.json	properties.general_params.properties.compounds.items.properties.chem_moieties.items.properties.chem_moiety.enum	phosphino-group	retire
BGC0000419.json	properties.general_params.properties.nrp.properties.nrps_genes.items.properties.nrps_module.items.properties.a_substr_spec.properties.nonprot_adom_spec.enum	3,5-Dihydroxyphenylglycine	retire
BGC0000419.json	properties.general_params.properties.nrp.properties.nrps_genes.items.properties.nrps_module.items.properties.a_substr_spec.properties.nonprot_adom_spec.enum	3,5-Dihydroxyphenylglycine	retire
BGC0000419.json	properties.general_params.properties.nrp.properties.nrps_genes.items.properties.nrps_module.items.properties.a_substr_spec.properties.nonprot_adom_spec.enum	Hydroxyphenylglycine	retire
BGC0000419.json	properties.general_params.properties.saccharide.properties.saccharide_subclass.enum	Unknown	approve
BGC0000419.json	properties.general_params.properties.compounds.items.properties.chem_moieties.items.properties.chem_moiety.enum	beta-hydroxytyrosine	retire
BGC0000424.json	properties.general_params.properties.nrp.properties.nrps_genes.items.properties.nrps_module.items.properties.nrps_mod_doms.enum	Hydroxylation	retire
BGC0000424.json	properties.general_params.properties.compounds.items.properties.mass_ion_type.enum	M+Na+	retire
BGC0000424.json	properties.general_params.properties.compounds.items.properties.mass_ion_type.enum	M+Na+	retire
BGC0000424.json	properties.general_params.properties.compounds.items.properties.mass_ion_type.enum	M+Na+	retire
BGC0000425.json	properties.general_params.properties.nrp.properties.nrps_genes.items.properties.nrps_module.items.properties.a_substr_spec.properties.nonprot_adom_spec.enum	D-allothreonine	retire
BGC0000425.json	properties.general_params.properties.nrp.properties.nrps_genes.items.properties.nrps_module.items.properties.a_substr_spec.properties.nonprot_adom_spec.enum	D-glutamine	retire
BGC0000425.json	properties.general_params.properties.nrp.properties.nrps_genes.items.properties.nrps_module.items.properties.a_substr_spec.properties.nonprot_adom_spec.enum	D-glutamine	retire
BGC0000425.json	properties.general_params.properties.nrp.properties.nrps_genes.items.properties.nrps_module.items.properties.a_substr_spec.properties.nonprot_adom_spec.enum	D-leucine	retire
BGC0000425.json	properties.general_params.properties.nrp.properties.nrps_genes.items.properties.nrps_module.items.properties.a_substr_spec.properties.nonprot_adom_spec.enum	D-leucine	retire
BGC0000425.json	properties.general_params.properties.nrp.properties.nrps_genes.items.properties.nrps_module.items.properties.a_substr_spec.properties.nonprot_adom_spec.enum	D-proline	retire
BGC0000425.json	properties.general_params.properties.nrp.properties.nrps_genes.items.properties.nrps_module.items.properties.a_substr_spec.properties.nonprot_adom_spec.enum	D-serine	retire
BGC0000425.json	properties.general_params.properties.nrp.properties.nrps_genes.items.properties.nrps_module.items.properties.a_substr_spec.properties.nonprot_adom_spec.enum	D-valine	retire
BGC0000425.json	properties.general_params.properties.nrp.properties.nrps_genes.items.properties.nrps_module.items.properties.a_substr_spec.properties.nonprot_adom_spec.enum	D-valine	retire
BGC0000425.json	properties.general_params.properties.nrp.properties.nrps_genes.items.properties.nrps_module.items.properties.a_substr_spec.properties.nonprot_adom_spec.enum	D-valine	retire
BGC0000427.json	properties.general_params.properties.compounds.items.properties.chem_act.items.enum	sunscreen	retire
BGC0000427.json	properties.general_params.properties.compounds.items.properties.chem_act.items.enum	sunscreen	retire
BGC0000427.json	properties.general_params.properties.compounds.items.properties.chem_act.items.enum	sunscreen	retire
BGC0000429.json	properties.general_params.properties.compounds.items.properties.chem_moieties.items.properties.chem_moiety.enum	2-[1-( Z )-propenyl]- cinnamoyl moiet	retire
BGC0000429.json	properties.general_params.properties.nrp.properties.nrps_genes.items.properties.nrps_module.items.properties.a_substr_spec.properties.nonprot_adom_spec.enum	Beta-methoxyaspartate	retire
BGC0000429.json	properties.general_params.properties.nrp.properties.nrps_genes.items.properties.nrps_module.items.properties.a_substr_spec.properties.nonprot_adom_spec.enum	D-leucine	retire
BGC0000429.json	properties.general_params.properties.nrp.properties.nrps_genes.items.properties.nrps_module.items.properties.a_substr_spec.properties.nonprot_adom_spec.enum	D-leucine	retire
BGC0000429.json	properties.general_params.properties.nrp.properties.nrps_genes.items.properties.nrps_module.items.properties.a_substr_spec.properties.nonprot_adom_spec.enum	D-tryptophan	retire
BGC0000429.json	properties.general_params.properties.compounds.items.properties.chem_moieties.items.properties.chem_moiety.enum	O-methyltyrosine	retire
BGC0000429.json	properties.general_params.properties.compounds.items.properties.chem_moieties.items.properties.chem_moiety.enum	Î² -methylaspartate	retire
BGC0000430.json	properties.general_params.properties.compounds.items.properties.chem_moieties.items.properties.chem_moiety.enum	(2S,4S)-4-methylproline	retire
BGC0000430.json	properties.general_params.properties.polyketide.properties.mod_pks_genes.items.properties.pks_module.items.properties.at_substr_spec.enum	4-hydroxyphenylpyruvate	retire
BGC0000430.json	properties.general_params.properties.polyketide.properties.starter_unit.enum	4-hydroxyphenylpyruvate	retire
BGC0000430.json	properties.general_params.properties.nrp.properties.nrps_genes.items.properties.nrps_module.items.properties.a_substr_spec.properties.nonprot_adom_spec.enum	Argininal	retire
BGC0000430.json	properties.general_params.properties.nrp.properties.nrps_genes.items.properties.nrps_module.items.properties.a_substr_spec.properties.nonprot_adom_spec.enum	Proline	retire
BGC0000431.json	properties.general_params.properties.nrp.properties.nrps_genes.items.properties.nrps_module.items.properties.a_substr_spec.properties.nonprot_adom_spec.enum	Cysteic acid	retire
BGC0000440.json	properties.general_params.properties.compounds.items.properties.chem_moieties.items.properties.chem_moiety.enum	3,5-Dihydroxy-phenylglycine	retire
BGC0000440.json	properties.general_params.properties.nrp.properties.nrps_genes.items.properties.nrps_module.items.properties.a_substr_spec.properties.nonprot_adom_spec.enum	3,5-Dihydroxyphenylglycine	retire
BGC0000440.json	properties.general_params.properties.nrp.properties.nrps_genes.items.properties.nrps_module.items.properties.a_substr_spec.properties.nonprot_adom_spec.enum	3,5-Dihydroxyphenylglycine	retire
BGC0000440.json	properties.general_params.properties.nrp.properties.nrps_genes.items.properties.nrps_module.items.properties.a_substr_spec.properties.nonprot_adom_spec.enum	Hydroxyphenylglycine	retire
BGC0000440.json	properties.general_params.properties.nrp.properties.nrps_genes.items.properties.nrps_module.items.properties.a_substr_spec.properties.nonprot_adom_spec.enum	Hydroxyphenylglycine	retire
BGC0000440.json	properties.general_params.properties.nrp.properties.nrps_genes.items.properties.nrps_module.items.properties.a_substr_spec.properties.nonprot_adom_spec.enum	Hydroxyphenylglycine	retire
BGC0000442.json	properties.general_params.properties.nrp.properties.nrps_genes.items.properties.nrps_module.items.properties.a_substr_spec.properties.nonprot_adom_spec.enum	Indole pyruvic acid	retire
BGC0000443.json	properties.general_params.properties.nrp.properties.nrps_genes.items.properties.nrps_module.items.properties.a_substr_spec.properties.nonprot_adom_spec.enum	4-Chlorothreonine	retire
BGC0000443.json	properties.general_params.properties.compounds.items.properties.chem_moieties.items.properties.chem_moiety.enum	Chlorinated	retire
BGC0000443.json	properties.general_params.properties.nrp.properties.nrps_genes.items.properties.nrps_module.items.properties.a_substr_spec.properties.nonprot_adom_spec.enum	Didehydroaminobutyric acid	retire
BGC0000443.json	properties.general_params.properties.nrp.properties.nrps_genes.items.properties.nrps_module.items.properties.a_substr_spec.properties.nonprot_adom_spec.enum	Hydroxyaspartate	retire
BGC0000447.json	properties.general_params.properties.nrp.properties.nrps_genes.items.properties.nrps_module.items.properties.nrps_mod_doms.enum	dehydration	retire
BGC0000447.json	properties.general_params.properties.nrp.properties.nrps_genes.items.properties.nrps_module.items.properties.nrps_mod_doms.enum	dehydration	retire
BGC0000453.json	properties.general_params.properties.compounds.items.properties.chem_act.items.enum	Antiviral	retire
BGC0000453.json	properties.general_params.properties.compounds.items.properties.chem_moieties.items.properties.chem_moiety.enum	D-alpha-hydroxyisovaleric acid	retire
BGC0000459.json	properties.general_params.properties.nrp.properties.nrps_genes.items.properties.nrps_module.items.properties.a_substr_spec.properties.nonprot_adom_spec.enum	3-hydroxypicolinic acid	retire
BGC0000459.json	properties.general_params.properties.nrp.properties.nrps_genes.items.properties.nrps_module.items.properties.a_substr_spec.properties.nonprot_adom_spec.enum	Beta-methylleucine	retire
BGC0000459.json	properties.general_params.properties.nrp.properties.nrps_genes.items.properties.nrps_module.items.properties.nrps_evidence_skip_iter.enum	None	approve
BGC0000459.json	properties.general_params.properties.nrp.properties.nrps_genes.items.properties.nrps_module.items.properties.a_substr_spec.properties.nonprot_adom_spec.enum	Sarcosine	retire
BGC0000462.json	properties.general_params.properties.compounds.items.properties.chem_act.items.enum	White line formation with tolaasin; hemolytic activity	retire
BGC0000463.json	properties.general_params.properties.nrp.properties.nrps_genes.items.properties.nrps_module.items.properties.a_substr_spec.properties.nonprot_adom_spec.enum	Isoleucine; Valine	retire
BGC0000464.json	properties.general_params.properties.compounds.items.properties.chem_act.items.enum	antiparasitic	retire
BGC0000472.json	properties.general_params.properties.ripp.properties.precursor_loci.items.properties.crosslinks.items.properties.crosslink_type.enum	None	approve
BGC0000476.json	properties.general_params.properties.ripp.properties.precursor_loci.items.properties.crosslinks.items.properties.crosslink_type.enum	Unknown	approve
BGC0000483.json	properties.general_params.properties.compounds.items.properties.chem_moieties.items.properties.chem_moiety.enum	N-prenyl	retire
BGC0000483.json	properties.general_params.properties.compounds.items.properties.chem_moieties.items.properties.chem_moiety.enum	N-prenyl	retire
BGC0000503.json	properties.general_params.properties.compounds.items.properties.chem_moieties.items.properties.chem_moiety.enum	hydroxyaspartate	retire
BGC0000503.json	properties.general_params.properties.compounds.items.properties.chem_moieties.items.properties.chem_moiety.enum	lysinoalanine	retire
BGC0000509.json	properties.general_params.properties.compounds.items.properties.chem_moieties.items.properties.chem_moiety.enum	N-terminal lactate	retire
BGC0000513.json	properties.general_params.properties.compounds.items.properties.chem_moieties.items.properties.chem_moiety.enum	Labionin	retire
BGC0000513.json	properties.general_params.properties.compounds.items.properties.chem_moieties.items.properties.chem_moiety.enum	Labionin	retire
BGC0000513.json	properties.general_params.properties.compounds.items.properties.chem_moieties.items.properties.chem_moiety.enum	Labionin	retire
BGC0000513.json	properties.general_params.properties.compounds.items.properties.chem_moieties.items.properties.chem_moiety.enum	Labionin	retire
BGC0000513.json	properties.general_params.properties.compounds.items.properties.chem_moieties.items.properties.chem_moiety.enum	Labionin	retire
BGC0000513.json	properties.general_params.properties.compounds.items.properties.chem_moieties.items.properties.chem_moiety.enum	Labionin	retire
BGC0000513.json	properties.general_params.properties.compounds.items.properties.chem_moieties.items.properties.chem_moiety.enum	Lanthionin	retire
BGC0000513.json	properties.general_params.properties.compounds.items.properties.chem_moieties.items.properties.chem_moiety.enum	Lanthionin	retire
BGC0000513.json	properties.general_params.properties.compounds.items.properties.chem_moieties.items.properties.chem_moiety.enum	Lanthionin	retire
BGC0000513.json	properties.general_params.properties.compounds.items.properties.chem_moieties.items.properties.chem_moiety.enum	Lanthionin	retire
BGC0000513.json	properties.general_params.properties.compounds.items.properties.chem_moieties.items.properties.chem_moiety.enum	Lanthionin	retire
BGC0000513.json	properties.general_params.properties.compounds.items.properties.chem_moieties.items.properties.chem_moiety.enum	Lanthionine	retire
BGC0000519.json	properties.general_params.properties.compounds.items.properties.chem_act.items.enum	Antiviral	retire
BGC0000519.json	properties.general_params.properties.compounds.items.properties.chem_act.items.enum	Antiviral	retire
BGC0000519.json	properties.general_params.properties.compounds.items.properties.chem_act.items.enum	Antiviral	retire
BGC0000519.json	properties.general_params.properties.compounds.items.properties.chem_moieties.items.properties.chem_moiety.enum	Labionin	retire
BGC0000519.json	properties.general_params.properties.compounds.items.properties.chem_moieties.items.properties.chem_moiety.enum	Labionin	retire
BGC0000519.json	properties.general_params.properties.compounds.items.properties.chem_moieties.items.properties.chem_moiety.enum	Labionin	retire
BGC0000520.json	properties.general_params.properties.compounds.items.properties.chem_moieties.items.properties.chem_moiety.enum	D-Ala	retire
BGC0000520.json	properties.general_params.properties.compounds.items.properties.chem_moieties.items.properties.chem_moiety.enum	D-Ala	retire
BGC0000526.json	properties.general_params.properties.compounds.items.properties.chem_moieties.items.properties.chem_moiety.enum	dehydro amino acids	retire
BGC0000529.json	properties.general_params.properties.genes.properties.gene.items.properties.tailoring.enum	FADH2 supply for chlorination	retire
BGC0000551.json	properties.general_params.properties.compounds.items.properties.chem_moieties.items.properties.chem_moiety.enum	lanthionine, dehydroalanine	retire
BGC0000564.json	properties.general_params.properties.compounds.items.properties.chem_act.items.enum	Hemolytic	retire
BGC0000580.json	properties.general_params.properties.ripp.properties.ripp_subclass.enum	Unknown	approve
BGC0000582.json	properties.general_params.properties.compounds.items.properties.mass_ion_type.enum	M+H+	retire
BGC0000583.json	properties.general_params.properties.compounds.items.properties.mass_ion_type.enum	Molecular ion	retire
BGC0000592.json	properties.general_params.properties.compounds.items.properties.mass_ion_type.enum	Molecular ion	retire
BGC0000593.json	properties.general_params.properties.compounds.items.properties.mass_ion_type.enum	Molecular ion	retire
BGC0000598.json	properties.general_params.properties.compounds.items.properties.chem_moieties.items.properties.chem_moiety.enum	13 out of 19 amino acids are non-proteinogenic	retire
BGC0000598.json	properties.general_params.properties.compounds.items.properties.chem_moieties.items.properties.chem_moiety.enum	13 out of 19 amino acids are non-proteinogenic	retire
BGC0000598.json	properties.general_params.properties.compounds.items.properties.chem_moieties.items.properties.chem_moiety.enum	18 D-configured amino acids introduced by one enzyme (PoyD)	retire
BGC0000598.json	properties.general_params.properties.compounds.items.properties.chem_moieties.items.properties.chem_moiety.enum	18 D-configured amino acids introduced by one enzyme (PoyD), 	retire
BGC0000603.json	properties.general_params.properties.compounds.items.properties.chem_act.items.enum	renin inhibition	retire
BGC0000628.json	properties.general_params.properties.compounds.items.properties.chem_moieties.items.properties.chem_moiety.enum	Indole carboxylic acid	retire
BGC0000631.json	properties.general_params.properties.terpene.properties.terpene_c_len.enum	None	approve
BGC0000631.json	properties.general_params.properties.terpene.properties.terpene_precursor.enum	None	approve
BGC0000631.json	properties.general_params.properties.terpene.properties.terpene_subclass.enum	None	approve
BGC0000631.json	properties.general_params.properties.compounds.items.properties.chem_act.items.enum	phytotoxic	retire
BGC0000654.json	properties.general_params.properties.compounds.items.properties.chem_moieties.items.properties.chem_moiety.enum	Gamma-butyrolactone	retire
BGC0000654.json	properties.general_params.properties.saccharide.properties.gt_genes.items.properties.gt_specificity.enum	L-amicetose	retire
BGC0000654.json	properties.general_params.properties.terpene.properties.terpene_subclass.enum	Unknown	approve
BGC0000657.json	properties.general_params.properties.compounds.items.properties.chem_act.items.enum	Odorous metabolite	retire
BGC0000661.json	properties.general_params.properties.compounds.items.properties.chem_act.items.enum	Odorous metabolite	retire
BGC0000665.json	properties.general_params.properties.compounds.items.properties.chem_act.items.enum	anti-HIV R5	retire
BGC0000805.json	properties.general_params.properties.saccharide.properties.gt_genes.items.properties.gt_specificity.enum	chinovosamine AND N-acetyl-D-glucosamine	retire
BGC0000805.json	properties.general_params.properties.compounds.items.properties.chem_moieties.items.properties.chem_moiety.enum	farnesyl-3-phosphoglycerate	retire
BGC0000808.json	properties.general_params.properties.compounds.items.properties.chem_act.items.enum	Protection against host immune system	retire
BGC0000819.json	properties.general_params.properties.nrp.properties.nrps_genes.items.properties.nrps_module.items.properties.a_substr_spec.properties.nonprot_adom_spec.enum	4-Methylproline	retire
BGC0000821.json	properties.general_params.properties.compounds.items.properties.chem_moieties.items.properties.chem_moiety.enum	11,11ô°-dichlorochromopyrrolic acid	retire
BGC0000821.json	properties.general_params.properties.compounds.items.properties.chem_moieties.items.properties.chem_moiety.enum	7-chloro-tryptophan	retire
BGC0000821.json	properties.general_params.properties.compounds.items.properties.chem_moieties.items.properties.chem_moiety.enum	indolocarbazole	retire
BGC0000824.json	properties.general_params.properties.compounds.items.properties.chem_act.items.enum	antiproliferative; anti-inflammatory; radical scavenging; UV protectant	retire
BGC0000824.json	properties.general_params.properties.compounds.items.properties.chem_moieties.items.properties.chem_moiety.enum	indole-phenolic scytonemin skeleton	retire
BGC0000829.json	properties.general_params.properties.compounds.items.properties.chem_act.items.enum	antitumor	retire
BGC0000832.json	properties.general_params.properties.compounds.items.properties.chem_moieties.items.properties.chem_moiety.enum	aminocoumarin moiety	retire
BGC0000833.json	properties.general_params.properties.compounds.items.properties.chem_moieties.items.properties.chem_moiety.enum	aminocoumarin moiety	retire
BGC0000834.json	properties.general_params.properties.compounds.items.properties.chem_moieties.items.properties.chem_moiety.enum	aminocoumarin moiety	retire
BGC0000834.json	properties.general_params.properties.compounds.items.properties.chem_moieties.items.properties.chem_moiety.enum	carbamoyl group	retire
BGC0000845.json	properties.general_params.properties.compounds.items.properties.chem_moieties.items.properties.chem_moiety.enum	beta-lactam ring	retire
BGC0000849.json	properties.general_params.properties.compounds.items.properties.mass_ion_type.enum	Unknown	approve
BGC0000887.json	properties.general_params.properties.compounds.items.properties.chem_act.items.enum	Neurotoxic	retire
BGC0000887.json	properties.general_params.properties.compounds.items.properties.chem_act.items.enum	Neurotoxic	retire
BGC0000887.json	properties.general_params.properties.compounds.items.properties.chem_act.items.enum	Neurotoxic	retire
BGC0000887.json	properties.general_params.properties.compounds.items.properties.chem_act.items.enum	Neurotoxic	retire
BGC0000887.json	properties.general_params.properties.compounds.items.properties.chem_act.items.enum	neurotoxic	retire
BGC0000887.json	properties.general_params.properties.compounds.items.properties.chem_act.items.enum	neurotoxic	retire
BGC0000887.json	properties.general_params.properties.compounds.items.properties.chem_act.items.enum	neurotoxic	retire
BGC0000887.json	properties.general_params.properties.compounds.items.properties.chem_act.items.enum	neurotoxic	retire
BGC0000887.json	properties.general_params.properties.compounds.items.properties.chem_act.items.enum	neurotoxic	retire
BGC0000890.json	properties.general_params.properties.compounds.items.properties.chem_moieties.items.properties.chem_moiety.enum	bromophenol	retire
BGC0000891.json	properties.general_params.properties.compounds.items.properties.chem_moieties.items.properties.chem_moiety.enum	Bromophenol	retire
BGC0000921.json	properties.general_params.properties.compounds.items.properties.chem_moieties.items.properties.chem_moiety.enum	2,8-dihydroxymyristamide	retire
BGC0000921.json	properties.general_params.properties.compounds.items.properties.chem_moieties.items.properties.chem_moiety.enum	2-pyrroline-5-carboxylic acid 	retire
BGC0000921.json	properties.general_params.properties.compounds.items.properties.chem_moieties.items.properties.chem_moiety.enum	salicylic acid	retire
BGC0000935.json	properties.general_params.properties.compounds.items.properties.chem_act.items.enum	Pigment	retire
BGC0000935.json	properties.general_params.properties.compounds.items.properties.chem_moieties.items.properties.chem_moiety.enum	phenazine	retire
BGC0000938.json	properties.general_params.properties.compounds.items.properties.chem_moieties.items.properties.chem_moiety.enum	Epoxide	retire
BGC0000938.json	properties.general_params.properties.compounds.items.properties.chem_moieties.items.properties.chem_moiety.enum	Phosphonate	retire
BGC0000944.json	properties.general_params.properties.compounds.items.properties.chem_moieties.items.properties.chem_moiety.enum	L-ornithine	retire
BGC0000944.json	properties.general_params.properties.compounds.items.properties.chem_moieties.items.properties.chem_moiety.enum	citric acid	retire
BGC0000948.json	properties.general_params.properties.compounds.items.properties.chem_act.items.enum	agonist of CD1d-restricted natural killer T (iNKT) cells	retire
BGC0000950.json	properties.general_params.properties.nrp.properties.nrps_genes.items.properties.nrps_module.items.properties.a_substr_spec.properties.nonprot_adom_spec.enum	(2S,3S)-2,3-Diaminobutyric acid	retire
BGC0000950.json	properties.general_params.properties.nrp.properties.nrps_genes.items.properties.nrps_module.items.properties.a_substr_spec.properties.nonprot_adom_spec.enum	m-Tyrosine	retire
BGC0000950.json	properties.general_params.properties.nrp.properties.nrps_genes.items.properties.nrps_module.items.properties.a_substr_spec.properties.nonprot_adom_spec.enum	m-Tyrosine	retire
BGC0000952.json	properties.general_params.properties.compounds.items.properties.chem_moieties.items.properties.chem_moiety.enum	L-2-amino-butyric acid	retire
BGC0000952.json	properties.general_params.properties.compounds.items.properties.chem_moieties.items.properties.chem_moiety.enum	L-dimethylamino-phenylalanine	retire
BGC0000952.json	properties.general_params.properties.compounds.items.properties.chem_moieties.items.properties.chem_moiety.enum	L-hydroxypicolinic acid	retire
BGC0000952.json	properties.general_params.properties.compounds.items.properties.chem_moieties.items.properties.chem_moiety.enum	L-phenylglycine	retire
BGC0000952.json	properties.general_params.properties.compounds.items.properties.chem_moieties.items.properties.chem_moiety.enum	L-pipecolic acid	retire
BGC0000954.json	properties.general_params.properties.nrp.properties.nrps_genes.items.properties.nrps_module.items.properties.nrps_evidence_skip_iter.enum	Unknown	approve
BGC0000955.json	properties.general_params.properties.compounds.items.properties.chem_moieties.items.properties.chem_moiety.enum	N-Oxime	retire
BGC0000958.json	properties.general_params.properties.compounds.items.properties.chem_moieties.items.properties.chem_moiety.enum	3-formamidosalicylate	retire
BGC0000958.json	properties.general_params.properties.nrp.properties.nrps_genes.items.properties.nrps_module.items.properties.a_substr_spec.properties.nonprot_adom_spec.enum	Pyruvate	retire
BGC0000958.json	properties.general_params.properties.polyketide.properties.mod_pks_genes.items.properties.pks_module.items.properties.at_substr_spec.enum	Various atypical acyl-CoAs	retire
BGC0000962.json	properties.general_params.properties.nrp.properties.nrps_genes.items.properties.nrps_module.items.properties.a_substr_spec.properties.nonprot_adom_spec.enum	(4S)-5,5,5-trichloroleucine	retire
BGC0000963.json	properties.general_params.properties.nrp.properties.nrps_genes.items.properties.nrps_module.items.properties.a_substr_spec.properties.nonprot_adom_spec.enum	Asparigine	retire
BGC0000963.json	properties.general_params.properties.nrp.properties.nrps_genes.items.properties.nrps_module.items.properties.a_substr_spec.properties.nonprot_adom_spec.enum	Asparigine	retire
BGC0000963.json	properties.general_params.properties.nrp.properties.nrps_genes.items.properties.nrps_module.items.properties.a_substr_spec.properties.nonprot_adom_spec.enum	Asparigine	retire
BGC0000964.json	properties.general_params.properties.compounds.items.properties.chem_moieties.items.properties.chem_moiety.enum	Disulfide bridge	retire
BGC0000965.json	properties.general_params.properties.compounds.items.properties.chem_moieties.items.properties.chem_moiety.enum	Benzoxazolinate	retire
BGC0000967.json	properties.general_params.properties.polyketide.properties.mod_pks_genes.items.properties.pks_module.items.properties.pks_mod_doms.items.enum	Oxidation	retire
BGC0000967.json	properties.general_params.properties.polyketide.properties.mod_pks_genes.items.properties.pks_module.items.properties.pks_mod_doms.items.enum	Oxidation	retire
BGC0000967.json	properties.general_params.properties.polyketide.properties.mod_pks_genes.items.properties.pks_module.items.properties.pks_mod_doms.items.enum	Oxidation	retire
BGC0000967.json	properties.general_params.properties.compounds.items.properties.chem_moieties.items.properties.chem_moiety.enum	phosphate	retire
BGC0000967.json	properties.general_params.properties.compounds.items.properties.chem_moieties.items.properties.chem_moiety.enum	phosphate	retire
BGC0000967.json	properties.general_params.properties.compounds.items.properties.chem_moieties.items.properties.chem_moiety.enum	pyrophosphate 	retire
BGC0000967.json	properties.general_params.properties.compounds.items.properties.chem_moieties.items.properties.chem_moiety.enum	spiroacetal	retire
BGC0000967.json	properties.general_params.properties.compounds.items.properties.chem_moieties.items.properties.chem_moiety.enum	spiroacetal	retire
BGC0000967.json	properties.general_params.properties.compounds.items.properties.chem_moieties.items.properties.chem_moiety.enum	spiroacetal	retire
BGC0000967.json	properties.general_params.properties.compounds.items.properties.chem_moieties.items.properties.chem_moiety.enum	terminal nitrile 	retire
BGC0000967.json	properties.general_params.properties.compounds.items.properties.chem_moieties.items.properties.chem_moiety.enum	terminal nitrile 	retire
BGC0000967.json	properties.general_params.properties.compounds.items.properties.chem_moieties.items.properties.chem_moiety.enum	terminal nitrile 	retire
BGC0000969.json	properties.general_params.properties.nrp.properties.nrps_genes.items.properties.nrps_module.items.properties.a_substr_spec.properties.nonprot_adom_spec.enum	(R)-bTyr	retire
BGC0000971.json	properties.general_params.properties.nrp.properties.nrps_genes.items.properties.nrps_module.items.properties.a_substr_spec.properties.nonprot_adom_spec.enum	B-OH-cyc-hex-ala	retire
BGC0000972.json	properties.general_params.properties.nrp.properties.nrps_genes.items.properties.nrps_module.items.properties.a_substr_spec.properties.nonprot_adom_spec.enum	Asparigine	retire
BGC0000972.json	properties.general_params.properties.compounds.items.properties.chem_act.items.enum	moderate antagonist of dopamine 5 and 5-hydroxytryptamine 7 receptors 	retire
BGC0000973.json	properties.general_params.properties.nrp.properties.nrps_genes.items.properties.nrps_module.items.properties.nrps_mod_doms.enum	Cyclase	retire
BGC0000973.json	properties.general_params.properties.compounds.items.properties.chem_act.items.enum	Neuroprotectant	retire
BGC0000975.json	properties.general_params.properties.nrp.properties.nrps_genes.items.properties.nrps_module.items.properties.a_substr_spec.properties.nonprot_adom_spec.enum	alpha-ketoisocaproic acid	retire
BGC0000975.json	properties.general_params.properties.nrp.properties.nrps_genes.items.properties.nrps_module.items.properties.a_substr_spec.properties.nonprot_adom_spec.enum	methyl beta-alanine	retire
BGC0000975.json	properties.general_params.properties.polyketide.properties.mod_pks_genes.items.properties.pks_module.items.properties.at_substr_spec.enum	phenylacetate-like	retire
BGC0000975.json	properties.general_params.properties.nrp.properties.nrps_genes.items.properties.nrps_module.items.properties.a_substr_spec.properties.nonprot_adom_spec.enum	tyrosine	retire
BGC0000976.json	properties.general_params.properties.polyketide.properties.pk_subclass.enum	None	approve
BGC0000976.json	properties.general_params.properties.nrp.properties.subclass.enum	None	approve
BGC0000976.json	properties.general_params.properties.polyketide.properties.mod_pks_genes.items.properties.pks_module.items.properties.pks_mod_doms.items.enum	Unknown	approve
BGC0000976.json	properties.general_params.properties.compounds.items.properties.chem_act.items.enum	anti-tubulin	retire
BGC0000976.json	properties.general_params.properties.compounds.items.properties.chem_moieties.items.properties.chem_moiety.enum	cyclopropyl ring	retire
BGC0000976.json	properties.general_params.properties.compounds.items.properties.chem_moieties.items.properties.chem_moiety.enum	terminal olefin	retire
BGC0000978.json	properties.general_params.properties.compounds.items.properties.chem_act.items.enum	Neurotoxic	retire
BGC0000978.json	properties.general_params.properties.compounds.items.properties.chem_moieties.items.properties.chem_moiety.enum	guanidino	retire
BGC0000978.json	properties.general_params.properties.nrp.properties.nrps_genes.items.properties.nrps_module.items.properties.a_substr_spec.properties.nonprot_adom_spec.enum	guanidinoacetate 	retire
BGC0000978.json	properties.general_params.properties.compounds.items.properties.chem_moieties.items.properties.chem_moiety.enum	hydroxide	retire
BGC0000978.json	properties.general_params.properties.compounds.items.properties.chem_moieties.items.properties.chem_moiety.enum	sulfate	retire
BGC0000993.json	properties.general_params.properties.compounds.items.properties.chem_moieties.items.properties.chem_moiety.enum	Disulfide bond	retire
BGC0001000.json	properties.general_params.properties.nrp.properties.nrps_genes.items.properties.nrps_module.items.properties.a_substr_spec.properties.nonprot_adom_spec.enum	2-oxo-isovaleric acid	retire
BGC0001000.json	properties.general_params.properties.nrp.properties.nrps_genes.items.properties.nrps_module.items.properties.a_substr_spec.properties.nonprot_adom_spec.enum	2-oxo-isovaleric acid	retire
BGC0001001.json	properties.general_params.properties.compounds.items.properties.chem_act.items.enum	Sodium channel blocking	retire
BGC0001003.json	properties.general_params.properties.compounds.items.properties.chem_moieties.items.properties.chem_moiety.enum	N-Methyl-Tetramic acid	retire
BGC0001006.json	properties.general_params.properties.compounds.items.properties.chem_moieties.items.properties.chem_moiety.enum	pyrroloquinoline	retire
BGC0001006.json	properties.general_params.properties.compounds.items.properties.chem_moieties.items.properties.chem_moiety.enum	pyrrolquinoline	retire
BGC0001006.json	properties.general_params.properties.compounds.items.properties.chem_moieties.items.properties.chem_moiety.enum	pyrrolquinoline	retire
BGC0001006.json	properties.general_params.properties.compounds.items.properties.chem_moieties.items.properties.chem_moiety.enum	pyrrolquinoline	retire
BGC0001008.json	properties.general_params.properties.compounds.items.properties.chem_moieties.items.properties.chem_moiety.enum	3,6-dimethylsalicylate	retire
BGC0001014.json	properties.general_params.properties.compounds.items.properties.chem_moieties.items.properties.chem_moiety.enum	6-pentylsalicylic acid	retire
BGC0001016.json	properties.general_params.properties.nrp.properties.nrps_genes.items.properties.nrps_module.items.properties.a_substr_spec.properties.nonprot_adom_spec.enum	Alanine	retire
BGC0001016.json	properties.general_params.properties.nrp.properties.nrps_genes.items.properties.nrps_module.items.properties.nrps_mod_doms.enum	Aminotransferase	retire
BGC0001016.json	properties.general_params.properties.nrp.properties.nrps_genes.items.properties.nrps_module.items.properties.a_substr_spec.properties.nonprot_adom_spec.enum	Arginine	retire
BGC0001016.json	properties.general_params.properties.nrp.properties.nrps_genes.items.properties.nrps_module.items.properties.a_substr_spec.properties.nonprot_adom_spec.enum	Aspartate / N-methylaspartate	retire
BGC0001016.json	properties.general_params.properties.compounds.items.properties.chem_moieties.items.properties.chem_moiety.enum	D-erythro-beta-methylaspartic acid	retire
BGC0001016.json	properties.general_params.properties.nrp.properties.nrps_genes.items.properties.nrps_module.items.properties.a_substr_spec.properties.nonprot_adom_spec.enum	Glutamine	retire
BGC0001016.json	properties.general_params.properties.compounds.items.properties.chem_act.items.enum	Hepatotoxin	retire
BGC0001016.json	properties.general_params.properties.nrp.properties.nrps_genes.items.properties.nrps_module.items.properties.a_substr_spec.properties.nonprot_adom_spec.enum	Hydrocinnamate	retire
BGC0001016.json	properties.general_params.properties.nrp.properties.nrps_genes.items.properties.nrps_module.items.properties.a_substr_spec.properties.nonprot_adom_spec.enum	Leucine / Arginine	retire
BGC0001016.json	properties.general_params.properties.nrp.properties.nrps_genes.items.properties.nrps_module.items.properties.a_substr_spec.properties.nonprot_adom_spec.enum	Serine	retire
BGC0001017.json	properties.general_params.properties.nrp.properties.nrps_genes.items.properties.nrps_module.items.properties.a_substr_spec.properties.nonprot_adom_spec.enum	D-N2-methylasparagine	retire
BGC0001017.json	properties.general_params.properties.nrp.properties.nrps_genes.items.properties.nrps_module.items.properties.a_substr_spec.properties.nonprot_adom_spec.enum	Phenylacetate	retire
BGC0001019.json	properties.general_params.properties.compounds.items.properties.mass_ion_type.enum	[M+H-H2O]+	retire
BGC0001028.json	properties.general_params.properties.nrp.properties.nrps_genes.items.properties.nrps_module.items.properties.a_substr_spec.properties.nonprot_adom_spec.enum	Asparigine	retire
BGC0001029.json	properties.general_params.properties.nrp.properties.nrps_genes.items.properties.nrps_module.items.properties.a_substr_spec.properties.nonprot_adom_spec.enum	DAFFLGVTFK	retire
BGC0001029.json	properties.general_params.properties.nrp.properties.nrps_genes.items.properties.nrps_module.items.properties.a_substr_spec.properties.nonprot_adom_spec.enum	DAWLFGLIDK	retire
BGC0001029.json	properties.general_params.properties.nrp.properties.nrps_genes.items.properties.nrps_module.items.properties.a_substr_spec.properties.nonprot_adom_spec.enum	DAWTIAAVCK	retire
BGC0001029.json	properties.general_params.properties.nrp.properties.nrps_genes.items.properties.nrps_module.items.properties.a_substr_spec.properties.nonprot_adom_spec.enum	DILALGLIWK	retire
BGC0001029.json	properties.general_params.properties.nrp.properties.nrps_genes.items.properties.nrps_module.items.properties.a_substr_spec.properties.nonprot_adom_spec.enum	DVQFIAHVVK	retire
BGC0001029.json	properties.general_params.properties.nrp.properties.nrps_genes.items.properties.nrps_module.items.properties.a_substr_spec.properties.nonprot_adom_spec.enum	DVQFIAHVVK	retire
BGC0001029.json	properties.general_params.properties.nrp.properties.nrps_genes.items.properties.nrps_module.items.properties.a_substr_spec.properties.nonprot_adom_spec.enum	VGVWVAASGK	retire
BGC0001035.json	properties.general_params.properties.nrp.properties.nrps_genes.items.properties.nrps_module.items.properties.a_substr_spec.properties.nonprot_adom_spec.enum	3,4-hydroxyhomotyrosine	retire
BGC0001035.json	properties.general_params.properties.nrp.properties.nrps_genes.items.properties.nrps_module.items.properties.a_substr_spec.properties.nonprot_adom_spec.enum	3-hydroxy-4-methylproline	retire
BGC0001035.json	properties.general_params.properties.nrp.properties.nrps_genes.items.properties.nrps_module.items.properties.a_substr_spec.properties.nonprot_adom_spec.enum	3-hydroxyglutamine	retire
BGC0001035.json	properties.general_params.properties.nrp.properties.nrps_genes.items.properties.nrps_module.items.properties.a_substr_spec.properties.nonprot_adom_spec.enum	4,5-dihydroxyornithine	retire
BGC0001038.json	properties.general_params.properties.compounds.items.properties.chem_moieties.items.properties.chem_moiety.enum	cyclitol	retire
BGC0001048.json	properties.general_params.properties.nrp.properties.nrps_genes.items.properties.nrps_module.items.properties.a_substr_spec.properties.nonprot_adom_spec.enum	Asparigine	retire
BGC0001048.json	properties.general_params.properties.nrp.properties.nrps_genes.items.properties.nrps_module.items.properties.a_substr_spec.properties.nonprot_adom_spec.enum	Asparigine	retire
BGC0001049.json	properties.general_params.properties.compounds.items.properties.chem_moieties.items.properties.chem_moiety.enum	2-pyridone	retire
BGC0001058.json	properties.general_params.properties.nrp.properties.nrps_genes.items.properties.nrps_module.items.properties.a_substr_spec.properties.nonprot_adom_spec.enum	Asparigine	retire
BGC0001058.json	properties.general_params.properties.nrp.properties.nrps_genes.items.properties.nrps_module.items.properties.a_substr_spec.properties.nonprot_adom_spec.enum	Asparigine	retire
BGC0001064.json	properties.general_params.properties.polyketide.properties.mod_pks_genes.items.properties.pks_module.items.properties.at_substr_spec.enum	Decanoyl-CoA	retire
BGC0001064.json	properties.general_params.properties.compounds.items.properties.chem_moieties.items.properties.chem_moiety.enum	paracyclophane ring	retire
BGC0001064.json	properties.general_params.properties.compounds.items.properties.chem_moieties.items.properties.chem_moiety.enum	paracyclophane ring	retire
BGC0001064.json	properties.general_params.properties.compounds.items.properties.chem_moieties.items.properties.chem_moiety.enum	paracyclophane ring	retire
BGC0001066.json	properties.general_params.properties.compounds.items.properties.chem_moieties.items.properties.chem_moiety.enum	2,3,5,6-tetrahydroxy-4-methylbenzoyl-CoA	retire
BGC0001072.json	properties.general_params.properties.saccharide.properties.gt_genes.items.properties.gt_specificity.enum	D-olivose 	retire
BGC0001079.json	properties.general_params.properties.compounds.items.properties.chem_moieties.items.properties.chem_moiety.enum	chlorine	retire
BGC0001079.json	properties.general_params.properties.compounds.items.properties.chem_moieties.items.properties.chem_moiety.enum	chlorine	retire
BGC0001079.json	properties.general_params.properties.compounds.items.properties.chem_moieties.items.properties.chem_moiety.enum	chlorine	retire
BGC0001080.json	properties.general_params.properties.compounds.items.properties.chem_moieties.items.properties.chem_moiety.enum	phenazine-1-carboxylic acid	retire
BGC0001082.json	properties.general_params.properties.compounds.items.properties.chem_act.items.enum	Antiviral	retire
BGC0001082.json	properties.general_params.properties.compounds.items.properties.chem_act.items.enum	Antiviral	retire
BGC0001083.json	properties.general_params.properties.compounds.items.properties.chem_moieties.items.properties.chem_moiety.enum	chlorine	retire
BGC0001083.json	properties.general_params.properties.compounds.items.properties.chem_moieties.items.properties.chem_moiety.enum	chlorine	retire
BGC0001083.json	properties.general_params.properties.compounds.items.properties.chem_moieties.items.properties.chem_moiety.enum	chlorine	retire
BGC0001083.json	properties.general_params.properties.compounds.items.properties.chem_moieties.items.properties.chem_moiety.enum	chlorine	retire
BGC0001083.json	properties.general_params.properties.compounds.items.properties.chem_moieties.items.properties.chem_moiety.enum	chlorine	retire
BGC0001083.json	properties.general_params.properties.compounds.items.properties.chem_moieties.items.properties.chem_moiety.enum	chlorine	retire
BGC0001083.json	properties.general_params.properties.compounds.items.properties.chem_moieties.items.properties.chem_moiety.enum	chlorine	retire
BGC0001090.json	properties.general_params.properties.nrp.properties.nrps_genes.items.properties.nrps_module.items.properties.nrps_mod_doms.enum	Amination	retire
BGC0001099.json	properties.general_params.properties.compounds.items.properties.chem_moieties.items.properties.chem_moiety.enum	Carbamoyl group	retire
BGC0001101.json	properties.general_params.properties.nrp.properties.nrps_genes.items.properties.nrps_module.items.properties.a_substr_spec.properties.nonprot_adom_spec.enum	Cysteine	retire
BGC0001101.json	properties.general_params.properties.nrp.properties.nrps_genes.items.properties.nrps_module.items.properties.a_substr_spec.properties.nonprot_adom_spec.enum	D-alanine	retire
BGC0001102.json	properties.general_params.properties.nrp.properties.nrps_genes.items.properties.nrps_module.items.properties.a_substr_spec.properties.nonprot_adom_spec.enum	Proprionate	retire
BGC0001105.json	properties.general_params.properties.polyketide.properties.mod_pks_genes.items.properties.pks_module.items.properties.pks_mod_doms.items.enum	2x Crotonase / Enoyl-CoA dehydratase	retire
BGC0001105.json	properties.general_params.properties.polyketide.properties.mod_pks_genes.items.properties.pks_module.items.properties.pks_mod_doms.items.enum	GNAT	retire
BGC0001108.json	properties.general_params.properties.compounds.items.properties.chem_act.items.enum	dermatotoxic	retire
BGC0001110.json	properties.general_params.properties.compounds.items.properties.chem_moieties.items.properties.chem_moiety.enum	isocoumarin group	retire
BGC0001110.json	properties.general_params.properties.compounds.items.properties.chem_moieties.items.properties.chem_moiety.enum	isocoumarin group	retire
BGC0001118.json	properties.general_params.properties.compounds.items.properties.chem_act.items.enum	inhibits neutrophil recruitment, immunosuppressive	retire
BGC0001120.json	properties.general_params.properties.polyketide.properties.mod_pks_genes.items.properties.pks_module.items.properties.pks_mod_doms.items.enum	Hydroxylation	retire
BGC0001120.json	properties.general_params.properties.compounds.items.properties.chem_act.items.enum	Virulence factor	retire
BGC0001131.json	properties.general_params.properties.compounds.items.properties.chem_act.items.enum	weakly bioactive against Trypanosoma brucei rhodesiense	retire
BGC0001133.json	properties.general_params.properties.compounds.items.properties.chem_act.items.enum	antiparasitic	retire
BGC0001136.json	properties.general_params.properties.compounds.items.properties.chem_moieties.items.properties.chem_moiety.enum	2-pyridone	retire
BGC0001137.json	properties.general_params.properties.compounds.items.properties.chem_act.items.enum	antimalarial  	retire
BGC0001137.json	properties.general_params.properties.compounds.items.properties.chem_act.items.enum	antimalarial  	retire
BGC0001137.json	properties.general_params.properties.compounds.items.properties.chem_act.items.enum	antimalarial  	retire
BGC0001137.json	properties.general_params.properties.compounds.items.properties.chem_act.items.enum	antimalarial	retire
BGC0001140.json	properties.general_params.properties.compounds.items.properties.chem_moieties.items.properties.chem_moiety.enum	3-amino-4-hydroxybenzoic acid	retire
BGC0001140.json	properties.general_params.properties.compounds.items.properties.chem_moieties.items.properties.chem_moiety.enum	3-amino-4-hydroxybenzoic acid	retire
BGC0001140.json	properties.general_params.properties.compounds.items.properties.chem_moieties.items.properties.chem_moiety.enum	ent-Kaurene	retire
BGC0001140.json	properties.general_params.properties.compounds.items.properties.chem_moieties.items.properties.chem_moiety.enum	ent-atiserene	retire
BGC0001147.json	properties.general_params.properties.nrp.properties.nrps_genes.items.properties.nrps_module.items.properties.a_substr_spec.properties.nonprot_adom_spec.enum	4-acetamidopyrrole-2-carboxylate	retire
BGC0001147.json	properties.general_params.properties.nrp.properties.nrps_genes.items.properties.nrps_module.items.properties.a_substr_spec.properties.nonprot_adom_spec.enum	glycocyamine	retire
BGC0001149.json	properties.general_params.properties.compounds.items.properties.chem_moieties.items.properties.chem_moiety.enum	5,5-bicyclic carbamate	retire
BGC0001150.json	properties.general_params.properties.compounds.items.properties.chem_moieties.items.properties.chem_moiety.enum	Furane ring	retire
BGC0001150.json	properties.general_params.properties.compounds.items.properties.chem_act.items.enum	insecticidal	retire
BGC0001152.json	properties.general_params.properties.nrp.properties.nrps_genes.items.properties.nrps_module.items.properties.a_substr_spec.properties.nonprot_adom_spec.enum	Asparigine	retire
BGC0001152.json	properties.general_params.properties.nrp.properties.nrps_genes.items.properties.nrps_module.items.properties.a_substr_spec.properties.nonprot_adom_spec.enum	D-alanine	retire
BGC0001153.json	properties.general_params.properties.nrp.properties.nrps_genes.items.properties.nrps_module.items.properties.a_substr_spec.properties.nonprot_adom_spec.enum	L-2,4-Diaminobutyric acid	retire
BGC0001153.json	properties.general_params.properties.nrp.properties.nrps_genes.items.properties.nrps_module.items.properties.a_substr_spec.properties.nonprot_adom_spec.enum	L-2,4-Diaminobutyric acid	retire
BGC0001153.json	properties.general_params.properties.nrp.properties.nrps_genes.items.properties.nrps_module.items.properties.a_substr_spec.properties.nonprot_adom_spec.enum	L-2,4-Diaminobutyric acid	retire
BGC0001153.json	properties.general_params.properties.nrp.properties.nrps_genes.items.properties.nrps_module.items.properties.a_substr_spec.properties.nonprot_adom_spec.enum	L-2,4-Diaminobutyric acid	retire
BGC0001153.json	properties.general_params.properties.nrp.properties.nrps_genes.items.properties.nrps_module.items.properties.a_substr_spec.properties.nonprot_adom_spec.enum	L-2,4-Diaminobutyric acid	retire
BGC0001154.json	properties.general_params.properties.compounds.items.properties.chem_moieties.items.properties.chem_moiety.enum	aminocoumarin moiety	retire
BGC0001155.json	properties.general_params.properties.compounds.items.properties.chem_moieties.items.properties.chem_moiety.enum	thiazole, pyridine, oxazoline	retire
BGC0001156.json	properties.general_params.properties.compounds.items.properties.chem_moieties.items.properties.chem_moiety.enum	3-amino-4-hydroxybenzoic acid	retire
BGC0001165.json	properties.general_params.properties.polyketide.properties.mod_pks_genes.items.properties.pks_module.items.properties.pks_mod_doms.items.enum	Oxidation	retire
BGC0001165.json	properties.general_params.properties.compounds.items.properties.chem_moieties.items.properties.chem_moiety.enum	Terminal alkene	retire
BGC0001165.json	properties.general_params.properties.compounds.items.properties.chem_act.items.enum	anti-tubulin	retire
BGC0001165.json	properties.general_params.properties.compounds.items.properties.chem_moieties.items.properties.chem_moiety.enum	cyclopropyl ring	retire
BGC0001166.json	properties.general_params.properties.nrp.properties.nrps_genes.items.properties.nrps_module.items.properties.a_substr_spec.properties.nonprot_adom_spec.enum	2-amino-9,10-epoxi-8-oxodecanoic acid	retire
BGC0001166.json	properties.general_params.properties.nrp.properties.nrps_genes.items.properties.nrps_module.items.properties.a_substr_spec.properties.nonprot_adom_spec.enum	D-Alanine	retire
BGC0001172.json	properties.general_params.properties.compounds.items.properties.mass_ion_type.enum	Molecular ion	retire
BGC0001172.json	properties.general_params.properties.compounds.items.properties.chem_moieties.items.properties.chem_moiety.enum	pyrrolizine bicycle	retire
BGC0001180.json	properties.general_params.properties.compounds.items.properties.chem_act.items.enum	insecticidal	retire
BGC0001185.json	properties.general_params.properties.nrp.properties.nrps_genes.items.properties.nrps_module.items.properties.a_substr_spec.properties.nonprot_adom_spec.enum	dhb	retire
BGC0001208.json	properties.general_params.properties.compounds.items.properties.chem_act.items.enum	antioomycete activity	retire
BGC0001212.json	properties.general_params.properties.compounds.items.properties.chem_moieties.items.properties.chem_moiety.enum	uncommon benzyl starter unit	retire
BGC0001221.json	properties.general_params.properties.compounds.items.properties.chem_moieties.items.properties.chem_moiety.enum	phenazine-1-carboxylic acid	retire
BGC0001221.json	properties.general_params.properties.compounds.items.properties.chem_moieties.items.properties.chem_moiety.enum	phenazine-1-carboxylic acid	retire
BGC0001228.json	properties.general_params.properties.nrp.properties.nrps_genes.items.properties.nrps_module.items.properties.a_substr_spec.properties.nonprot_adom_spec.enum	Norcoronamic acid	retire
BGC0001230.json	properties.general_params.properties.nrp.properties.nrps_genes.items.properties.nrps_module.items.properties.a_substr_spec.properties.nonprot_adom_spec.enum	Hydroxyphenylglycine	retire
BGC0001231.json	properties.general_params.properties.compounds.items.properties.mass_ion_type.enum	[M+H-H2O]+	retire
BGC0001231.json	properties.general_params.properties.compounds.items.properties.chem_moieties.items.properties.chem_moiety.enum	pyrrolidone	retire
BGC0001283.json	properties.general_params.properties.compounds.items.properties.chem_moieties.items.properties.chem_moiety.enum	Arsenic-Carbon bond	retire
BGC0001327.json	properties.general_params.properties.compounds.items.properties.chem_moieties.items.properties.chem_moiety.enum	4-amido-2,4-pentadienoate	retire
BGC0001327.json	properties.general_params.properties.compounds.items.properties.chem_moieties.items.properties.chem_moiety.enum	4-amido-2,4-pentadienoate	retire
BGC0001327.json	properties.general_params.properties.nrp.properties.nrps_genes.items.properties.nrps_module.items.properties.a_substr_spec.properties.nonprot_adom_spec.enum	Beta-hydroxyasparagine	retire
BGC0001328.json	properties.general_params.properties.compounds.items.properties.chem_moieties.items.properties.chem_moiety.enum	4-amido-2,4-pentadienoate	retire
BGC0001328.json	properties.general_params.properties.compounds.items.properties.chem_moieties.items.properties.chem_moiety.enum	4-amido-2,4-pentadienoate	retire
BGC0001328.json	properties.general_params.properties.nrp.properties.nrps_genes.items.properties.nrps_module.items.properties.a_substr_spec.properties.nonprot_adom_spec.enum	Beta-hydroxyasparagine	retire
BGC0001329.json	properties.general_params.properties.compounds.items.properties.chem_moieties.items.properties.chem_moiety.enum	4-amido-2,4-pentadienoate	retire
BGC0001330.json	properties.general_params.properties.compounds.items.properties.chem_moieties.items.properties.chem_moiety.enum	4-amido-2,4-pentadienoate	retire
BGC0001330.json	properties.general_params.properties.compounds.items.properties.chem_moieties.items.properties.chem_moiety.enum	4-amido-2,4-pentadienoate	retire
BGC0001330.json	properties.general_params.properties.compounds.items.properties.chem_moieties.items.properties.chem_moiety.enum	4-amido-2,4-pentadienoate	retire
BGC0001330.json	properties.general_params.properties.compounds.items.properties.chem_moieties.items.properties.chem_moiety.enum	4-amido-2,4-pentadienoate	retire
BGC0001330.json	properties.general_params.properties.compounds.items.properties.chem_moieties.items.properties.chem_moiety.enum	4-amido-2,4-pentadienoate	retire
BGC0001330.json	properties.general_params.properties.compounds.items.properties.chem_moieties.items.properties.chem_moiety.enum	4-amido-2,4-pentadienoate	retire
BGC0001330.json	properties.general_params.properties.compounds.items.properties.chem_moieties.items.properties.chem_moiety.enum	4-amido-2,4-pentadienoate	retire
BGC0001331.json	properties.general_params.properties.compounds.items.properties.chem_moieties.items.properties.chem_moiety.enum	4-amido-2,4-pentadienoate	retire
BGC0001331.json	properties.general_params.properties.compounds.items.properties.chem_moieties.items.properties.chem_moiety.enum	4-amido-2,4-pentadienoate	retire
BGC0001331.json	properties.general_params.properties.compounds.items.properties.chem_moieties.items.properties.chem_moiety.enum	4-amido-2,4-pentadienoate	retire
BGC0001331.json	properties.general_params.properties.compounds.items.properties.chem_moieties.items.properties.chem_moiety.enum	4-amido-2,4-pentadienoate	retire
BGC0001331.json	properties.general_params.properties.compounds.items.properties.chem_moieties.items.properties.chem_moiety.enum	4-amido-2,4-pentadienoate	retire
BGC0001331.json	properties.general_params.properties.compounds.items.properties.chem_moieties.items.properties.chem_moiety.enum	4-amido-2,4-pentadienoate	retire
BGC0001331.json	properties.general_params.properties.compounds.items.properties.chem_moieties.items.properties.chem_moiety.enum	4-amido-2,4-pentadienoate	retire
BGC0001348.json	properties.general_params.properties.compounds.items.properties.chem_moieties.items.properties.chem_moiety.enum	Fumarate	retire
BGC0001436.json	properties.general_params.properties.compounds.items.properties.chem_act.items.enum	Herbicidal	retire
BGC0001436.json	properties.general_params.properties.compounds.items.properties.chem_moieties.items.properties.chem_moiety.enum	maleic anhydride	retire
BGC0001437.json	properties.general_params.properties.compounds.items.properties.chem_moieties.items.properties.chem_moiety.enum	(2S,3R)-2-amino-3-hydroxy-4-(4-nitrophenyl)butanoate	retire
BGC0001437.json	properties.general_params.properties.nrp.properties.nrps_genes.items.properties.nrps_module.items.properties.a_substr_spec.properties.nonprot_adom_spec.enum	(2S,3R)-2-amino-3-hydroxy-4-(4-nitrophenyl)butanoate	retire
BGC0001437.json	properties.general_params.properties.compounds.items.properties.chem_moieties.items.properties.chem_moiety.enum	β-lactone 	retire
BGC0001440.json	properties.general_params.properties.compounds.items.properties.chem_moieties.items.properties.chem_moiety.enum	beta-lactone	retire
BGC0001440.json	properties.general_params.properties.compounds.items.properties.chem_moieties.items.properties.chem_moiety.enum	beta-lactone	retire
BGC0001441.json	properties.general_params.properties.compounds.items.properties.chem_moieties.items.properties.chem_moiety.enum	beta-lactone	retire
BGC0001441.json	properties.general_params.properties.compounds.items.properties.chem_moieties.items.properties.chem_moiety.enum	beta-lactone	retire
BGC0001443.json	properties.general_params.properties.polyketide.properties.mod_pks_genes.items.properties.pks_module.items.properties.evidence_at_spec.enum	Feeding study	retire
BGC0001445.json	properties.general_params.properties.polyketide.properties.mod_pks_genes.items.properties.pks_module.items.properties.pks_evidence_skip_iter.enum	None	approve
BGC0001445.json	properties.general_params.properties.compounds.items.properties.chem_act.items.enum	antiinsectan	retire
BGC0001446.json	properties.general_params.properties.compounds.items.properties.chem_act.items.enum	Antiinsectan 	retire
BGC0001448.json	properties.general_params.properties.nrp.properties.nrps_genes.items.properties.nrps_module.items.properties.a_substr_spec.properties.nonprot_adom_spec.enum	2,3-Diamino-3-methylpropanoic acid	retire
BGC0001448.json	properties.general_params.properties.nrp.properties.nrps_genes.items.properties.nrps_module.items.properties.a_substr_spec.properties.nonprot_adom_spec.enum	3-Methylproline	retire
BGC0001448.json	properties.general_params.properties.nrp.properties.nrps_genes.items.properties.nrps_module.items.properties.a_substr_spec.properties.nonprot_adom_spec.enum	3-methylaspartic acid	retire
BGC0001448.json	properties.general_params.properties.nrp.properties.nrps_genes.items.properties.nrps_module.items.properties.a_substr_spec.properties.nonprot_adom_spec.enum	3-methylaspartic acid	retire
BGC0001449.json	properties.general_params.properties.compounds.items.properties.chem_moieties.items.properties.chem_moiety.enum	2S,3S-methylproline	retire
BGC0001449.json	properties.general_params.properties.nrp.properties.nrps_genes.items.properties.nrps_module.items.properties.a_substr_spec.properties.nonprot_adom_spec.enum	3-Methylproline	retire
BGC0001450.json	properties.general_params.properties.compounds.items.properties.chem_act.items.enum	immunomodulatory activity	retire
BGC0001450.json	properties.general_params.properties.compounds.items.properties.chem_act.items.enum	immunomodulatory activity	retire
BGC0001467.json	properties.general_params.properties.compounds.items.properties.chem_act.items.enum	P-glycoprotein-mediated multiple drug resistance	retire
BGC0001468.json	properties.general_params.properties.compounds.items.properties.chem_moieties.items.properties.chem_moiety.enum	2,5-diketopiperazine (cyclodipeptide synthase derived)	retire
BGC0001469.json	properties.general_params.properties.nrp.properties.nrps_genes.items.properties.nrps_module.items.properties.nrps_mod_doms.enum	Epimerization	retire
BGC0001469.json	properties.general_params.properties.nrp.properties.nrps_genes.items.properties.nrps_module.items.properties.nrps_mod_doms.enum	Epimerization	retire
BGC0001469.json	properties.general_params.properties.nrp.properties.nrps_genes.items.properties.nrps_module.items.properties.nrps_mod_doms.enum	Heterocyclization	retire
BGC0001469.json	properties.general_params.properties.nrp.properties.nrps_genes.items.properties.nrps_module.items.properties.nrps_mod_doms.enum	Heterocyclization	retire
BGC0001469.json	properties.general_params.properties.nrp.properties.nrps_genes.items.properties.nrps_module.items.properties.nrps_mod_doms.enum	Heterocyclization	retire
BGC0001469.json	properties.general_params.properties.nrp.properties.nrps_genes.items.properties.nrps_module.items.properties.nrps_mod_doms.enum	Heterocyclization	retire
BGC0001469.json	properties.general_params.properties.compounds.items.properties.chem_moieties.items.properties.chem_moiety.enum	polythiazole	retire
BGC0001471.json	properties.general_params.properties.compounds.items.properties.chem_moieties.items.properties.chem_moiety.enum	thioamide	retire
BGC0001473.json	properties.general_params.properties.compounds.items.properties.chem_moieties.items.properties.chem_moiety.enum	thioamide	retire
BGC0001474.json	properties.general_params.properties.compounds.items.properties.chem_moieties.items.properties.chem_moiety.enum	thioamide	retire
BGC0001476.json	properties.general_params.properties.compounds.items.properties.chem_moieties.items.properties.chem_moiety.enum	pseudouridine, aminopseudouridine	retire
BGC0001479.json	properties.general_params.properties.nrp.properties.nrps_genes.items.properties.nrps_module.items.properties.a_substr_spec.properties.nonprot_adom_spec.enum	D-lysine	retire
BGC0001479.json	properties.general_params.properties.nrp.properties.nrps_genes.items.properties.nrps_module.items.properties.a_substr_spec.properties.nonprot_adom_spec.enum	Homophenylalanine	retire
BGC0001479.json	properties.general_params.properties.nrp.properties.nrps_genes.items.properties.nrps_module.items.properties.a_substr_spec.properties.nonprot_adom_spec.enum	N-methylglycine	retire
BGC0001479.json	properties.general_params.properties.compounds.items.properties.chem_moieties.items.properties.chem_moiety.enum	Ureido bond	retire
BGC0001479.json	properties.general_params.properties.compounds.items.properties.chem_moieties.items.properties.chem_moiety.enum	Ureido bond	retire
